v3.0,v3.2,v3.3,nvs331
2190-55_1,2190-55_1,2190-55_1,5730-60_3
2201-17_6,2201-17_6,2201-17_6,5675-6_3
2211-9_6,2211-9_6,2211-9_6,6213-10_3
2212-69_1,2212-69_1,2212-69_1,5649-83_3
2358-19_2,2358-19_2,2358-19_2,5594-87_3
2381-52_4,2381-52_4,2381-52_4,5756-66_3
2418-55_9,2418-55_9,2418-55_9,5611-56_3
2424-69_4,2424-69_4,2424-69_4,5679-16_3
2436-49_4,2436-49_4,2436-49_4,5753-21_3
2474-54_5,2474-54_5,2474-54_5,6037-6_3
2475-1_3,2475-1_3,2475-1_3,6042-52_3
2480-58_3,2480-58_3,2480-58_3,5614-44_3
2500-2_3,2500-2_3,2500-2_3,6383-90_3
2501-51_3,2501-51_3,2501-51_3,6357-83_3
2515-14_3,2515-14_3,2515-14_3,6284-7_3
2516-57_3,2516-57_3,2516-57_3,6478-2_3
2523-31_3,2523-31_3,2523-31_3,6340-10_3
2567-5_6,2567-5_6,2567-5_6,6533-20_3
2570-72_5,2570-72_5,2570-72_5,6401-73_3
2571-12_3,2571-12_3,2571-12_3,6440-31_3
2575-5_5,2575-5_5,2575-5_5,6504-65_3
2578-67_2,2578-67_2,2578-67_2,6257-56_3
2579-17_5,2579-17_5,2579-17_5,6296-36_3
2580-83_2,2580-83_2,2580-83_2,6362-6_3
2585-2_5,2585-2_5,2585-2_5,6593-5_3
2590-69_4,2590-69_4,2590-69_4,6380-23_3
2597-8_3,2597-8_3,2597-8_3,6521-35_3
2602-2_2,2602-2_2,2602-2_2,6382-17_3
2607-54_2,2607-54_2,2607-54_2,6219-14_3
2609-59_2,2609-59_2,2609-59_2,5671-1_3
2614-28_2,2614-28_2,2614-28_2,5739-75_3
2616-23_18,2616-23_18,2616-23_18,6054-6_3
2617-56_35,2617-56_35,2617-56_35,5632-6_3
2618-10_2,2618-10_2,2618-10_2,5620-13_3
2619-72_2,2619-72_2,2619-72_2,5736-1_3
2620-4_2,2620-4_2,2620-4_2,5689-1_3
2622-18_1,2622-18_1,2622-18_1,5688-65_3
2625-53_4,2625-53_4,2625-53_4,5726-49_3
2630-12_2,2630-12_2,2630-12_2,6231-46_3
2637-77_2,2637-77_2,2637-77_2,5698-60_3
2638-12_2,2638-12_2,2638-12_2,5743-82_3
2642-4_1,2642-4_1,2642-4_1,6238-55_3
2645-54_1,2645-54_1,2645-54_1,6412-26_3
2647-66_2,2647-66_2,2647-66_2,6525-17_3
2653-62_1,2653-62_1,2653-62_1,6526-77_3
2654-19_1,2654-19_1,2654-19_1,6557-50_3
2658-27_1,2658-27_1,2658-27_1,6568-18_3
2665-26_2,2665-26_2,2665-26_2,6384-19_3
2668-70_2,2668-70_2,2668-70_2,6485-59_3
2670-67_4,2670-67_4,2670-67_4,6410-26_3
2677-1_1,2677-1_1,2677-1_1,6544-33_3
2681-23_2,2681-23_2,2681-23_2,6419-75_3
2686-67_2,2686-67_2,2686-67_2,6371-50_3
2687-2_1,2687-2_1,2687-2_1,6575-79_3
2692-74_2,2692-74_2,2692-74_2,6283-60_3
2696-87_2,2696-87_2,2696-87_2,6226-69_3
2697-7_2,2697-7_2,2697-7_2,6454-38_3
2700-56_2,2700-56_2,2700-56_2,5654-70_3
2705-5_2,2705-5_2,2705-5_2,5599-88_3
2706-69_2,2706-69_2,2706-69_2,5722-78_3
2728-62_2,2728-62_2,2728-62_2,6049-64_3
2741-22_2,2741-22_2,2741-22_2,5586-66_3
2742-68_2,2742-68_2,2742-68_2,5748-20_3
2750-3_2,2750-3_2,2750-3_2,5765-53_3
2760-2_2,2760-2_2,2760-2_2,5644-60_3
2762-30_2,2762-30_2,2762-30_2,5745-64_3
2763-66_2,2763-66_2,2763-66_2,6035-2_3
2764-20_2,2764-20_2,2764-20_2,5606-24_3
2765-4_3,2765-4_3,2765-4_3,6375-75_3
2768-56_2,2768-56_2,2768-56_2,6444-15_3
2774-10_3,2774-10_3,2774-10_3,6506-54_3
2778-10_2,2778-10_2,2778-10_2,6294-11_3
2780-35_2,2780-35_2,2780-35_2,6276-16_3
2789-26_2,2789-26_2,2789-26_2,6470-19_3
2797-56_2,2797-56_2,2797-56_2,6413-79_3
2811-27_1,2811-27_1,2811-27_1,6468-37_3
2816-50_2,2816-50_2,2816-50_2,6255-74_3
2827-23_2,2827-23_2,2827-23_2,6480-1_3
2828-82_2,2828-82_2,2828-82_2,6393-63_3
2829-19_2,2829-19_2,2829-19_2,6496-60_3
2836-68_2,2836-68_2,2836-68_2,6354-13_3
2837-3_2,2837-3_2,2837-3_2,6586-19_3
2838-53_1,2838-53_1,2838-53_1,6372-7_3
2843-13_2,2843-13_2,2843-13_2,5646-20_3
2844-53_2,2844-53_2,2844-53_2,5676-54_3
2846-24_2,2846-24_2,2846-24_2,5715-4_3
2849-49_1,2849-49_1,2849-49_1,5663-18_3
2851-63_3,2851-63_3,2851-63_3,5731-1_3
2853-68_2,2853-68_2,2853-68_2,5612-16_3
2857-70_2,2857-70_2,2857-70_2,5650-9_3
2875-15_2,2875-15_2,2875-15_2,5728-60_3
2877-3_1,2877-3_1,2877-3_1,5680-54_3
2888-49_2,2888-49_2,2888-49_2,5719-66_3
2890-59_2,2890-59_2,2890-59_2,6019-12_3
2900-53_3,2900-53_3,2900-53_3,5690-49_3
2906-55_3,2906-55_3,2906-55_3,5735-54_3
2913-1_2,2913-1_2,2913-1_2,5653-23_3
2925-9_1,2925-9_1,2925-9_1,6234-74_3
2948-58_2,2948-58_2,2948-58_2,6414-8_3
2950-57_2,2950-57_2,2950-57_2,6451-64_3
2952-75_2,2952-75_2,2952-75_2,6324-11_3
2953-31_2,2953-31_2,2953-31_2,6285-71_3
2962-50_2,2962-50_2,2962-50_2,6549-60_3
2966-65_2,2966-65_2,2966-65_2,6577-64_3
2967-8_1,2967-8_1,2967-8_1,6441-62_3
2973-15_2,2973-15_2,2973-15_2,6578-29_3
2974-61_2,2974-61_2,2974-61_2,6402-8_3
2977-7_2,2977-7_2,2977-7_2,6625-31_3
2979-8_2,2979-8_2,2979-8_2,6411-58_3
2985-35_1,2985-35_1,2985-35_1,6363-55_3
2986-49_2,2986-49_2,2986-49_2,6571-75_3
2987-37_3,2987-37_3,2987-37_3,5617-41_3
2992-59_2,2992-59_2,2992-59_2,6121-5_3
2998-53_2,2998-53_2,2998-53_2,5633-65_3
2999-6_2,2999-6_2,2999-6_2,5740-17_3
3000-66_1,3000-66_1,3000-66_1,6039-24_3
3003-29_2,3003-29_2,3003-29_2,6022-57_3
3005-5_2,3005-5_2,3005-5_2,5636-10_3
3007-7_2,3007-7_2,3007-7_2,5581-28_3
3022-4_2,3022-4_2,3022-4_2,5737-61_3
3024-18_2,3024-18_2,3024-18_2,5598-3_3
3025-50_1,3025-50_1,3025-50_1,6558-5_3
3026-5_2,3026-5_2,3026-5_2,6315-58_3
3028-36_2,3028-36_2,3028-36_2,6462-12_3
3031-66_1,3031-66_1,3031-66_1,6405-74_3
3032-11_2,3032-11_2,3032-11_2,6507-16_3
3034-1_2,3034-1_2,3034-1_2,6574-11_3
3035-80_2,3035-80_2,3035-80_2,6342-10_3
3037-62_1,3037-62_1,3037-62_1,6472-40_3
3038-9_2,3038-9_2,3038-9_2,6469-62_3
3041-55_2,3041-55_2,3041-55_2,6385-63_3
3043-49_2,3043-49_2,3043-49_2,6424-2_3
3044-3_2,3044-3_2,3044-3_2,6527-1_3
3045-72_2,3045-72_2,3045-72_2,6267-51_3
3046-31_1,3046-31_1,3046-31_1,6364-7_3
3053-49_2,3053-49_2,3053-49_2,6466-7_3
3059-50_2,3059-50_2,3059-50_2,6366-38_3
3060-43_2,3060-43_2,3060-43_2,6079-59_3
3066-12_1,3066-12_1,3066-12_1,5638-23_3
3069-52_3,3069-52_3,3069-52_3,5762-35_3
3072-4_2,3072-4_2,3072-4_2,5707-55_3
3073-51_2,3073-51_2,3073-51_2,5723-4_3
3074-6_2,3074-6_2,3074-6_2,5587-3_3
3077-66_2,3077-66_2,3077-66_2,5749-53_3
3082-9_2,3082-9_2,3082-9_2,6086-15_3
3143-3_1,3143-3_1,3143-3_1,5721-1_3
3152-57_1,3152-57_1,3152-57_1,5667-3_3
3166-92_1,3166-92_1,3166-92_1,5682-13_3
3168-8_2,3168-8_2,3168-8_2,5727-35_3
3169-70_2,3169-70_2,3169-70_2,6406-3_3
3170-6_1,3170-6_1,3170-6_1,6277-55_3
3171-57_2,3171-57_2,3171-57_2,6580-29_3
3173-49_2,3173-49_2,3173-49_2,6433-57_3
3175-51_5,3175-51_5,3175-51_5,6594-64_3
3179-51_2,3179-51_2,3179-51_2,6289-78_3
3181-50_2,3181-50_2,3181-50_2,6617-12_3
3184-25_2,3184-25_2,3184-25_2,5583-62_3
3186-2_2,3186-2_2,3186-2_2,5609-92_3
3194-36_2,3194-36_2,3194-36_2,5677-15_3
3195-50_2,3195-50_2,3195-50_2,6077-63_3
3206-4_2,3206-4_2,3206-4_2,6115-40_3
3212-30_3,3212-30_3,3212-30_3,5626-20_3
3214-3_2,3214-3_2,3214-3_2,5664-57_3
3220-40_2,3220-40_2,3220-40_2,5694-57_3
3221-54_1,3221-54_1,3221-54_1,5659-11_3
3222-11_2,3222-11_2,3222-11_2,6223-5_3
3232-28_2,3232-28_2,3232-28_2,5628-21_3
3234-23_2,3234-23_2,3234-23_2,6247-9_3
3283-21_1,3283-21_1,3283-21_1,5590-11_3
3285-23_2,3285-23_2,3285-23_2,6359-50_3
3290-50_2,3290-50_2,3290-50_2,6491-59_3
3291-30_2,3291-30_2,3291-30_2,6550-4_3
3293-2_4,3293-2_4,3293-2_4,6260-14_3
3298-52_2,3298-52_2,3298-52_2,6415-90_3
3302-58_1,3302-58_1,3302-58_1,6389-57_3
3303-23_2,3303-23_2,3303-23_2,6334-9_3
3310-62_1,3310-62_1,3310-62_1,6360-7_3
3313-21_2,3313-21_2,3313-21_2,6464-40_3
3325-2_2,3325-2_2,3325-2_2,6561-77_3
3327-27_1,3327-27_1,3327-27_1,6377-54_3
3329-14_2,3329-14_2,3329-14_2,6416-8_3
3331-8_1,3331-8_1,3331-8_1,6551-94_3
3332-57_1,3332-57_1,3332-57_1,6259-60_3
3336-50_1,3336-50_1,3336-50_1,6356-3_3
3339-33_1,3339-33_1,3339-33_1,6395-58_3
3340-53_1,3340-53_1,3340-53_1,6458-6_3
3348-49_2,3348-49_2,3348-49_2,6606-61_3
3350-53_2,3350-53_2,3350-53_2,5630-48_3
3352-80_3,3352-80_3,3352-80_3,5754-76_3
3357-67_2,3357-67_2,3357-67_2,5699-19_3
3359-11_2,3359-11_2,3359-11_2,5716-49_3
3360-50_4,3360-50_4,3360-50_4,5634-39_3
3363-31_4,3363-31_4,3363-31_4,5713-9_3
3366-51_2,3366-51_2,3366-51_2,5758-49_3
3367-8_3,3367-8_3,3367-8_3,6221-1_3
3373-5_2,3373-5_2,3373-5_2,5637-81_3
3374-49_2,3374-49_2,3374-49_2,6453-70_3
3376-49_2,3376-49_2,3376-49_2,6620-82_3
3378-49_2,3378-49_2,3378-49_2,6463-59_3
3379-29_1,3379-29_1,3379-29_1,6510-56_3
3388-58_2,3388-58_2,3388-58_2,6572-10_3
3396-54_2,3396-54_2,3396-54_2,6627-25_3
3400-49_2,3400-49_2,3400-49_2,6599-5_3
3403-1_2,3403-1_2,3403-1_2,6281-51_3
3404-51_2,3404-51_2,3404-51_2,6442-6_3
3412-7_1,3412-7_1,3412-7_1,6555-58_3
3414-40_2,3414-40_2,3414-40_2,5669-26_3
3415-61_2,3415-61_2,3415-61_2,6036-78_3
3416-2_2,3416-2_2,3416-2_2,5601-2_3
3419-49_2,3419-49_2,3419-49_2,5763-67_3
3421-54_2,3421-54_2,3421-54_2,5618-50_3
3422-4_2,3422-4_2,3422-4_2,5656-53_3
3434-34_1,3434-34_1,3434-34_1,5724-58_3
3437-80_3,3437-80_3,3437-80_3,6119-14_3
3438-10_2,3438-10_2,3438-10_2,5651-50_3
3440-7_2,3440-7_2,3440-7_2,5963-9_3
3443-61_2,3443-61_2,3443-61_2,5621-64_3
3446-7_2,3446-7_2,3446-7_2,5714-88_3
3447-64_2,3447-64_2,3447-64_2,6351-55_3
3449-58_2,3449-58_2,3449-58_2,6407-63_3
3452-17_2,3452-17_2,3452-17_2,6538-90_3
3453-87_2,3453-87_2,3453-87_2,6456-17_3
3459-49_2,3459-49_2,3459-49_2,6581-50_3
3461-58_1,3461-58_1,3461-58_1,6553-68_3
3470-1_2,3470-1_2,3470-1_2,6369-82_3
3474-19_2,3474-19_2,3474-19_2,6408-2_3
3485-28_2,3485-28_2,3485-28_2,6473-55_3
3486-58_2,3486-58_2,3486-58_2,6511-17_3
3488-64_2,3488-64_2,3488-64_2,6290-3_3
3489-9_2,3489-9_2,3489-9_2,6497-10_3
3495-15_2,3495-15_2,3495-15_2,5584-21_3
3503-4_2,3503-4_2,3503-4_2,5623-11_3
3504-58_2,3504-58_2,3504-58_2,5746-37_3
3506-49_1,3506-49_1,3506-49_1,5691-2_3
3508-78_3,3508-78_3,3508-78_3,5639-49_3
3518-54_2,3518-54_2,3518-54_2,5708-1_3
3535-84_1,3535-84_1,3535-84_1,5733-61_3
3554-24_1,3554-24_1,3554-24_1,5981-6_3
3580-25_5,3580-25_5,3580-25_5,5627-53_3
3581-53_3,3581-53_3,3581-53_3,5695-5_3
3590-8_3,3590-8_3,3590-8_3,6070-11_3
3600-2_3,3600-2_3,3600-2_3,6217-23_3
3601-54_3,3601-54_3,3601-54_3,5629-58_3
3604-6_4,3604-6_4,3604-6_4,6245-4_3
3607-71_1,3607-71_1,3607-71_1,6493-9_3
3611-70_4,3611-70_4,3611-70_4,6612-90_3
3616-3_1,3616-3_1,3616-3_1,6361-49_3
3617-80_4,3617-80_4,3617-80_4,6520-87_3
3622-33_4,3622-33_4,3622-33_4,6378-2_3
3647-49_4,3647-49_4,3647-49_4,6609-22_3
3651-50_5,3651-50_5,3651-50_5,6434-18_3
3666-17_4,3666-17_4,3666-17_4,6398-12_3
3676-15_3,3676-15_3,3676-15_3,5631-83_3
3685-53_1,3685-53_1,3685-53_1,5593-11_3
3700-15_4,3700-15_4,3700-15_4,6069-71_3
3708-62_1,3708-62_1,3708-62_1,5610-32_3
3709-4_2,3709-4_2,3709-4_2,5648-28_3
3710-49_2,3710-49_2,3710-49_2,5717-2_3
3714-49_2,3714-49_2,3714-49_2,6081-52_3
3727-35_1,3727-35_1,3727-35_1,5643-2_3
3728-52_2,3728-52_2,3728-52_2,5752-63_3
3743-1_2,3743-1_2,3743-1_2,5704-74_3
3758-68_3,3758-68_3,3758-68_3,6048-4_3
3761-4_2,3761-4_2,3761-4_2,5613-75_3
3773-15_4,3773-15_4,3773-15_4,5759-10_3
3795-6_2,3795-6_2,3795-6_2,6214-84_3
3797-1_1,3797-1_1,3797-1_1,6543-182_3
3799-11_2,3799-11_2,3799-11_2,6399-52_3
3803-10_2,3803-10_2,3803-10_2,6373-54_3
3805-16_2,3805-16_2,3805-16_2,6530-63_3
3811-1_2,3811-1_2,3811-1_2,6439-59_3
3814-63_1,3814-63_1,3814-63_1,6494-60_3
3822-54_2,3822-54_2,3822-54_2,6448-36_3
3844-2_1,3844-2_1,3844-2_1,6611-8_3
3847-56_2,3847-56_2,3847-56_2,6545-58_3
3848-14_2,3848-14_2,3848-14_2,6400-33_3
3853-56_1,3853-56_1,3853-56_1,6508-68_3
3855-56_1,3855-56_1,3855-56_1,6264-9_3
3867-49_1,3867-49_1,3867-49_1,6547-83_3
3872-2_1,3872-2_1,3872-2_1,6576-1_3
3881-49_2,3881-49_2,3881-49_2,6379-62_3
3888-8_1,3888-8_1,3888-8_1,6536-54_3
3889-64_2,3889-64_2,3889-64_2,6590-54_3
3890-8_2,3890-8_2,3890-8_2,6060-2_3
3893-64_1,3893-64_1,3893-64_1,5615-62_3
3894-15_2,3894-15_2,3894-15_2,5738-25_3
3897-61_1,3897-61_1,3897-61_1,6228-58_3
3902-21_2,3902-21_2,3902-21_2,6103-70_3
3903-49_2,3903-49_2,3903-49_2,6064-4_3
3905-62_1,3905-62_1,3905-62_1,5657-28_3
4125-52_2,4125-52_2,4125-52_2,5602-62_3
4126-22_1,4126-22_1,4126-22_1,5725-1_3
4129-72_1,4129-72_1,4129-72_1,5764-4_3
4139-71_2,4139-71_2,4139-71_2,5742-14_3
4145-58_2,4145-58_2,4145-58_2,5687-5_3
4149-8_2,4149-8_2,4149-8_2,5960-49_3
4152-58_2,4152-58_2,4152-58_2,6604-59_3
4153-11_2,4153-11_2,4153-11_2,6447-73_3
4154-57_2,4154-57_2,4154-57_2,6556-5_3
4155-3_2,4155-3_2,4155-3_2,6409-57_3
4159-130_1,4159-130_1,4159-130_1,6353-60_3
4187-49_2,4187-49_2,4187-49_2,6512-68_3
4188-1_2,4188-1_2,4188-1_2,6304-8_3
4192-10_2,4192-10_2,4192-10_2,6601-1_3
4220-39_2,4220-39_2,4220-39_2,6388-21_3
4240-31_2,4240-31_2,4240-31_2,6597-24_3
4246-40_2,4246-40_2,4246-40_2,6390-18_3
4249-64_2,4249-64_2,4249-64_2,5666-64_3
4258-15_2,4258-15_2,4258-15_2,5744-12_3
4272-46_2,4272-46_2,4272-46_2,5734-13_3
4276-10_2,4276-10_2,4276-10_2,5605-77_3
4278-14_3,4278-14_3,4278-14_3,5751-14_3
4282-3_2,4282-3_2,4282-3_2,6210-100_3
4292-5_3,4292-5_3,4292-5_3,6430-36_3
4297-62_3,4297-62_3,4297-62_3,6420-4_3
4306-4_2,4306-4_2,4306-4_2,6467-65_3
4309-59_3,4309-59_3,4309-59_3,6629-3_3
4318-12_3,4318-12_3,4318-12_3,6391-52_3
4324-33_2,4324-33_2,4324-33_2,6365-62_3
4332-6_2,4332-6_2,4332-6_2,6522-57_3
4337-49_2,4337-49_2,4337-49_2,6431-68_3
4342-10_2,4342-10_2,4342-10_2,6603-18_3
4407-10_1,4407-10_1,4407-10_1,6565-68_3
4413-3_2,4413-3_2,4413-3_2,6295-67_3
4414-69_2,4414-69_2,4414-69_2,6256-9_3
4430-44_3,4430-44_3,4430-44_3,6633-43_3
4435-66_2,4435-66_2,4435-66_2,6274-15_3
4450-26_2,4450-26_2,4450-26_2,6600-70_3
4479-14_2,4479-14_2,4479-14_2,6528-95_3
4480-59_2,4480-59_2,4480-59_2,6583-67_3
4493-92_1,4493-92_1,4493-92_1,6291-55_3
4498-62_2,4498-62_2,4498-62_2,
4500-50_2,4500-50_2,4500-50_2,
4541-49_2,4541-49_2,4541-49_2,
4543-65_2,4543-65_2,4543-65_2,
4548-4_2,4548-4_2,4548-4_2,
4549-78_2,4549-78_2,4549-78_2,
4562-1_2,4562-1_2,4562-1_2,
4563-61_2,4563-61_2,4563-61_2,
4564-2_2,4564-2_2,4564-2_2,
4673-13_2,4673-13_2,4673-13_2,
4703-87_2,4703-87_2,4703-87_2,
4706-17_2,4706-17_2,4706-17_2,
4717-55_2,4717-55_2,4717-55_2,
4719-58_2,4719-58_2,4719-58_2,
4721-54_2,4721-54_2,4721-54_2,
4763-31_3,4763-31_3,4763-31_3,
4771-10_3,4771-10_3,4771-10_3,
4785-30_3,4785-30_3,4785-30_3,
4801-13_3,4801-13_3,4801-13_3,
4811-33_3,4811-33_3,4811-33_3,
4829-43_6,4829-43_6,4829-43_6,
4831-4_2,4831-4_2,4831-4_2,
4832-75_2,4832-75_2,4832-75_2,
4834-61_2,4834-61_2,4834-61_2,
4842-62_2,4842-62_2,4842-62_2,
4859-6_1,4859-6_1,4859-6_1,
4866-59_2,4866-59_2,4866-59_2,
4867-15_2,4867-15_2,4867-15_2,
4874-3_1,4874-3_1,4874-3_1,
4903-72_1,4903-72_1,4903-72_1,
4908-6_1,4908-6_1,4908-6_1,
4913-78_1,4913-78_1,4913-78_1,
4916-2_1,4916-2_1,4916-2_1,
4917-62_1,4917-62_1,4917-62_1,
4920-10_1,4920-10_1,4920-10_1,
4923-79_1,4923-79_1,4923-79_1,
4924-32_1,4924-32_1,4924-32_1,
4925-54_2,4925-54_2,4925-54_2,
4929-55_1,4929-55_1,4929-55_1,
4930-21_1,4930-21_1,4930-21_1,
4964-67_1,4964-67_1,4964-67_1,
4969-2_1,4969-2_1,4969-2_1,
4971-1_1,4971-1_1,4971-1_1,
4979-34_2,4979-34_2,4979-34_2,
4982-54_1,4982-54_1,4982-54_1,
4983-6_1,4983-6_1,4983-6_1,
4986-59_1,4986-59_1,4986-59_1,
4989-7_1,4989-7_1,4989-7_1,
4990-87_1,4990-87_1,4990-87_1,
4992-49_1,4992-49_1,4992-49_1,
4996-66_1,4996-66_1,4996-66_1,
4998-50_1,4998-50_1,4998-50_1,
5007-1_1,5007-1_1,5007-1_1,
5008-51_1,5008-51_1,5008-51_1,
5012-67_1,5012-67_1,5012-67_1,
5013-2_1,5013-2_1,5013-2_1,
5015-15_1,5015-15_1,5015-15_1,
5021-13_1,5021-13_1,5021-13_1,
5028-59_1,5028-59_1,5028-59_1,
5029-3_1,5029-3_1,5029-3_1,
5034-79_1,5034-79_1,5034-79_1,
5035-7_1,5035-7_1,5035-7_1,
5059-8_3,5059-8_3,3309-2_2,
5061-27_3,5061-27_3,5061-27_3,
5066-134_3,5066-134_3,5066-134_3,
5069-9_3,5069-9_3,5069-9_3,
5070-76_3,5070-76_3,5070-76_3,
5071-3_3,5071-3_3,5071-3_3,
5073-30_2,5073-30_2,5073-30_2,
5076-53_2,5076-53_2,5076-53_2,
5077-28_3,5077-28_3,5077-28_3,
5078-82_3,5078-82_3,5078-82_3,
5090-49_2,5090-49_2,5090-49_2,
5091-28_3,5091-28_3,5091-28_3,
5092-51_3,5092-51_3,5092-51_3,
5105-2_3,5105-2_3,5105-2_3,
5109-24_3,5109-24_3,5109-24_3,
5110-84_3,5110-84_3,5110-84_3,
5111-15_3,5111-15_3,5111-15_3,
5116-62_2,5116-62_2,5116-62_2,
5118-74_2,5118-74_2,5118-74_2,
5122-92_2,5122-92_2,5122-92_2,
5124-69_3,5124-69_3,5124-69_3,
5125-6_3,5125-6_3,5125-6_3,
5129-12_3,5129-12_3,5129-12_3,
5131-15_3,5131-15_3,5131-15_3,
5132-71_3,5132-71_3,5132-71_3,
5134-52_2,5134-52_2,5134-52_2,
5140-56_3,5140-56_3,5140-56_3,
5202-4_3,5202-4_3,5202-4_3,
5228-25_2,5228-25_2,5228-25_2,
5229-90_3,5229-90_3,5229-90_3,
5231-79_3,5231-79_3,5231-79_3,
5242-37_3,5242-37_3,5242-37_3,
5250-53_3,5250-53_3,5250-53_3,
5255-22_3,5255-22_3,5255-22_3,
5262-57_3,5262-57_3,5262-57_3,
5272-55_2,5272-55_2,5272-55_2,
5301-7_3,5301-7_3,5301-7_3,
5307-12_3,5307-12_3,5307-12_3,
5316-54_3,5316-54_3,5316-54_3,
5335-73_3,5335-73_3,5335-73_3,
5343-74_3,5343-74_3,5343-74_3,
5346-24_3,5346-24_3,5346-24_3,
5349-69_3,5349-69_3,5349-69_3,
5351-52_3,5351-52_3,5351-52_3,
5352-11_3,5352-11_3,5352-11_3,
5357-60_3,5357-60_3,5357-60_3,
5358-3_3,5358-3_3,5358-3_3,
5363-51_3,5363-51_3,5363-51_3,
5400-52_3,5400-52_3,5400-52_3,
5404-53_3,5404-53_3,5404-53_3,
5451-1_3,5451-1_3,5451-1_3,
5459-33_3,5459-33_3,5459-33_3,
5475-10_3,5475-10_3,5475-10_3,
5476-66_3,5476-66_3,5476-66_3,
5487-7_3,5487-7_3,5487-7_3,
5489-18_3,5489-18_3,5489-18_3,
5491-12_3,5491-12_3,5491-12_3,
2182-54_1,2182-54_1,2182-54_1,
2192-63_10,2192-63_10,2192-63_10,
2247-20_11,2247-20_11,2247-20_11,
2278-61_4,2278-61_4,2278-61_4,
2333-72_1,2333-72_1,2333-72_1,
2421-7_3,2421-7_3,2421-7_3,
2429-27_4,2429-27_4,2429-27_4,
2431-17_3,2431-17_3,2431-17_3,
2441-2_4,2441-2_4,2441-2_4,
2443-10_4,2443-10_4,2443-10_4,
2447-7_4,2447-7_4,2447-7_4,
2449-1_4,2449-1_4,2449-1_4,
2455-17_4,2455-17_4,2455-17_4,
2468-62_3,2468-62_3,2468-62_3,
2484-49_3,2484-49_3,2484-49_3,
2505-49_3,2505-49_3,2505-49_3,
2514-65_3,2514-65_3,2514-65_3,
2524-56_3,2524-56_3,2524-56_3,
2526-53_3,2526-53_3,2526-53_3,
2558-51_3,2558-51_3,2558-51_3,
2598-9_3,2598-9_3,2598-9_3,
2599-51_2,2599-51_2,2599-51_2,
2603-61_2,2603-61_2,2603-61_2,
2605-49_2,2605-49_2,2605-49_2,
2611-72_2,2611-72_2,2611-72_2,
2612-5_2,2612-5_2,2612-5_2,
2615-60_2,2615-60_2,2615-60_2,
2623-54_4,2623-54_4,2623-54_4,
2624-31_2,2624-31_2,2624-31_2,
2631-50_2,2631-50_2,2631-50_2,
2632-5_2,2632-5_2,2632-5_2,
2633-52_2,2633-52_2,2633-52_2,
2634-2_2,2634-2_2,2634-2_2,
2635-61_2,2635-61_2,2635-61_2,
2636-10_2,2636-10_2,2636-10_2,
2640-3_2,2640-3_2,2640-3_2,
2643-57_2,2643-57_2,2643-57_2,
2644-11_2,2644-11_2,2644-11_2,
2649-77_2,2649-77_2,2649-77_2,
2652-15_1,2652-15_1,2652-15_1,
2666-53_2,2666-53_2,2666-53_2,
2672-60_1,2672-60_1,2672-60_1,
2682-68_1,2682-68_1,2682-68_1,
2683-1_2,2683-1_2,2683-1_2,
2685-21_2,2685-21_2,2685-21_2,
2690-51_2,2693-20_3,2693-20_3,
2693-20_3,2695-25_1,2695-25_1,
2695-25_1,2704-74_1,2704-74_1,
2704-74_1,2708-54_2,2708-54_2,
2708-54_2,2711-6_2,2711-6_2,
2711-6_2,2714-78_2,2714-78_2,
2714-78_2,2715-25_2,2715-25_2,
2715-25_2,2719-3_4,2719-3_4,
2719-3_4,2723-9_2,2723-9_2,
2723-9_2,2730-58_2,2730-58_2,
2730-58_2,2731-29_2,2731-29_2,
2731-29_2,2732-58_3,2732-58_3,
2732-58_3,2734-49_4,2734-49_4,
2734-49_4,2735-6_4,2735-6_4,
2735-6_4,2737-22_2,2737-22_2,
2737-22_2,2743-5_2,2743-5_2,
2743-5_2,2746-56_1,2746-56_1,
2746-56_1,2747-3_2,2747-3_2,
2747-3_2,2748-3_2,2748-3_2,
2748-3_2,2751-16_2,2751-16_2,
2751-16_2,2752-62_2,2752-62_2,
2752-62_2,2753-2_2,2753-2_2,
2753-2_2,2754-50_2,2754-50_2,
2754-50_2,2755-8_2,2755-8_2,
2755-8_2,2761-49_2,2761-49_2,
2761-49_2,2769-3_2,2769-3_2,
2769-3_2,2770-51_2,2770-51_2,
2770-51_2,2771-35_2,2771-35_2,
2771-35_2,2773-50_2,2773-50_2,
2773-50_2,2775-54_2,2775-54_2,
2775-54_2,2781-63_2,2781-63_2,
2781-63_2,2783-18_2,2783-18_2,
2783-18_2,2785-15_2,2785-15_2,
2785-15_2,2788-55_1,2788-55_1,
2788-55_1,2790-54_2,2790-54_2,
2790-54_2,2794-60_2,2794-60_2,
2794-60_2,2795-23_3,2795-23_3,
2795-23_3,2796-62_2,2796-62_2,
2796-62_2,2805-6_2,2805-6_2,
2805-6_2,2806-49_2,2806-49_2,
2806-49_2,2809-25_2,2809-25_2,
2809-25_2,2813-11_2,2813-11_2,
2813-11_2,2819-23_2,2819-23_2,
2819-23_2,2822-56_2,2822-56_2,
2822-56_2,2823-7_1,2823-7_1,
2823-7_1,2826-53_2,2826-53_2,
2826-53_2,2831-29_1,2831-29_1,
2831-29_1,2833-20_1,2833-20_1,
2833-20_1,2834-54_1,2834-54_1,
2834-54_1,2835-1_4,2835-1_4,
2835-1_4,2839-2_1,2839-2_1,
2839-2_1,2841-13_2,2841-13_2,
2841-13_2,2842-68_1,2842-68_1,
2842-68_1,2848-2_2,2848-2_2,
2848-2_2,2850-3_2,2850-3_2,
2850-3_2,2855-49_2,2855-49_2,
2855-49_2,2858-29_2,2858-29_2,
2858-29_2,2859-69_2,2859-69_2,
2859-69_2,2860-19_2,2860-19_2,
2860-19_2,2864-2_3,2864-2_3,
2864-2_3,2865-77_2,2865-77_2,
2865-77_2,2869-68_3,2869-68_3,
2869-68_3,2870-29_2,2870-29_2,
2870-29_2,2871-73_2,2871-73_2,
2871-73_2,2876-74_2,2876-74_2,
2876-74_2,2878-66_2,2878-66_2,
2878-66_2,2879-9_2,2879-9_2,
2879-9_2,2889-37_2,2889-37_2,
2889-37_2,2891-1_3,2891-1_3,
2891-1_3,2911-27_2,2911-27_2,
2911-27_2,2915-6_2,2915-6_2,
2915-6_2,2917-3_2,2917-3_2,
2917-3_2,2937-10_2,2937-10_2,
2937-10_2,2938-55_2,2938-55_2,
2938-55_2,2939-10_2,2939-10_2,
2939-10_2,2942-50_2,2942-50_2,
2942-50_2,2943-5_2,2943-5_2,
2943-5_2,2944-66_2,2944-66_2,
2944-66_2,2945-25_1,2945-25_1,
2945-25_1,2946-52_2,2946-52_2,
2946-52_2,2949-6_2,2949-6_2,
2949-6_2,2954-56_2,2954-56_2,
2954-56_2,2957-21_2,2957-21_2,
2957-21_2,2960-66_2,2960-66_2,
2960-66_2,2961-1_2,2961-1_2,
2961-1_2,2968-61_1,2968-61_1,
2968-61_1,2969-11_1,2969-11_1,
2969-11_1,2970-60_2,2970-60_2,
2970-60_2,2972-57_2,2972-57_2,
2972-57_2,2975-19_2,2975-19_2,
2975-19_2,2976-58_2,2976-58_2,
2976-58_2,2981-9_3,2981-9_3,
2981-9_3,2982-82_2,2982-82_2,
2982-82_2,2988-57_2,2988-57_2,
2988-57_2,2989-17_2,2989-17_2,
2989-17_2,2991-9_2,2991-9_2,
2991-9_2,2993-1_2,2993-1_2,
2993-1_2,2994-71_2,2994-71_2,
2994-71_2,2997-8_1,2997-8_1,
2997-8_1,3004-67_2,3004-67_2,
3004-67_2,3009-3_2,3009-3_2,
3009-3_2,3010-53_2,3010-53_2,
3010-53_2,3029-52_2,3029-52_2,
3029-52_2,3030-3_2,3030-3_2,
3030-3_2,3033-57_1,3033-57_1,
3033-57_1,3040-59_1,3040-59_1,
3040-59_1,3042-7_2,3042-7_2,
3042-7_2,3049-61_2,3049-61_2,
3049-61_2,3050-7_2,3050-7_2,
3050-7_2,3052-8_2,3052-8_2,
3052-8_2,3054-3_2,3054-3_2,
3054-3_2,3055-54_2,3055-54_2,
3055-54_2,3056-11_1,3056-11_1,
3056-11_1,3057-55_1,3057-55_1,
3057-55_1,3061-61_2,3061-61_2,
3061-61_2,3065-65_1,3065-65_1,
3065-65_1,3067-67_1,3067-67_1,
3067-67_1,3070-1_2,3070-1_2,
3070-1_2,3078-1_2,3078-1_2,
3078-1_2,3079-62_2,3079-62_2,
3079-62_2,3081-70_2,3081-70_2,
3081-70_2,3083-71_1,3083-71_1,
3083-71_1,3091-70_2,3091-70_2,
3091-70_2,3104-8_2,3104-8_2,
3104-8_2,3115-64_2,3115-64_2,
3115-64_2,3122-6_2,3122-6_2,
3122-6_2,3132-1_1,3132-1_1,
3129-73_2,3151-6_1,3151-6_1,
3132-1_1,3172-28_2,3172-28_2,
3151-6_1,3174-2_1,3174-2_1,
3172-28_2,3177-49_2,3177-49_2,
3174-2_1,3178-5_2,3178-5_2,
3177-49_2,3180-46_2,3180-46_2,
3178-5_2,3182-38_2,3182-38_2,
3180-46_2,3187-52_2,3187-52_2,
3182-38_2,3189-61_2,3189-61_2,
3187-52_2,3190-43_1,3190-43_1,
3189-61_2,3191-50_2,3191-50_2,
3190-43_1,3192-3_2,3192-3_2,
3191-50_2,3196-6_2,3196-6_2,
3192-3_2,3197-70_2,3197-70_2,
3196-6_2,3198-4_1,3198-4_1,
3197-70_2,3199-54_2,3199-54_2,
3198-4_1,3200-49_2,3200-49_2,
3199-54_2,3201-49_2,3201-49_2,
3200-49_2,3202-28_2,3202-28_2,
3201-49_2,3204-2_2,3204-2_2,
3202-28_2,3208-2_4,3208-2_4,
3204-2_2,3209-69_1,3209-69_1,
3208-2_4,3210-1_2,3210-1_2,
3209-69_1,3213-65_2,3213-65_2,
3210-1_2,3216-2_2,3216-2_2,
3213-65_2,3217-74_2,3217-74_2,
3216-2_2,3218-8_2,3218-8_2,
3217-74_2,3235-50_2,3235-50_2,
3218-8_2,3280-49_2,3280-49_2,
3235-50_2,3281-19_1,3281-19_1,
3280-49_2,3284-75_1,3284-75_1,
3281-19_1,3289-19_2,3289-19_2,
3284-75_1,3292-75_1,3292-75_1,
3289-19_2,3294-55_2,3294-55_2,
3292-75_1,3296-92_2,3296-92_2,
3294-55_2,3299-29_2,3299-29_2,
3296-92_2,3305-6_1,3305-6_1,
3299-29_2,3311-27_1,3311-27_1,
3305-6_1,3312-64_1,3312-64_1,
3311-27_1,3314-74_2,3314-74_2,
3312-64_1,3315-15_1,3315-15_1,
3314-74_2,3316-58_1,3316-58_1,
3315-15_1,3317-33_1,3317-33_1,
3316-58_1,3320-49_2,3320-49_2,
3317-33_1,3321-2_2,3321-2_2,
3320-49_2,3322-52_2,3322-52_2,
3321-2_2,3323-37_1,3323-37_1,
3322-52_2,3324-51_1,3324-51_1,
3323-37_1,3326-58_2,3326-58_2,
3324-51_1,3341-33_4,3341-33_4,
3326-58_2,3343-1_4,3343-1_4,
3341-33_4,3344-60_4,3344-60_4,
3343-1_4,3346-72_2,3346-72_2,
3344-60_4,3347-9_2,3347-9_2,
3346-72_2,3351-1_1,3351-1_1,
3347-9_2,3356-50_1,3356-50_1,
3351-1_1,3358-51_2,3358-51_2,
3356-50_1,3361-26_2,3361-26_2,
3358-51_2,3362-61_2,3362-61_2,
3361-26_2,3364-76_2,3364-76_2,
3362-61_2,3365-7_2,3365-7_2,
3364-76_2,3381-24_2,3381-24_2,
3365-7_2,3387-1_2,3387-1_2,
3381-24_2,3389-7_2,3389-7_2,
3387-1_2,3390-72_2,3390-72_2,
3389-7_2,3391-10_2,3391-10_2,
3390-72_2,3392-68_2,3392-68_2,
3391-10_2,3394-81_2,3394-81_2,
3392-68_2,3397-7_4,3397-7_4,
3394-81_2,3399-31_2,3399-31_2,
3397-7_4,3401-8_2,3401-8_2,
3399-31_2,3405-6_2,3405-6_2,
3401-8_2,3413-50_2,3413-50_2,
3405-6_2,3418-12_2,3418-12_2,
3413-50_2,3420-21_2,3420-21_2,
3418-12_2,3423-59_2,3423-59_2,
3420-21_2,3427-63_2,3427-63_2,
3423-59_2,3431-54_2,3431-54_2,
3427-63_2,3432-21_2,3432-21_2,
3431-54_2,3435-53_2,3435-53_2,
3432-21_2,3441-64_2,3441-64_2,
3435-53_2,3445-53_2,3445-53_2,
3441-64_2,3448-13_2,3448-13_2,
3445-53_2,3450-4_2,3450-4_2,
3448-13_2,3457-57_1,3457-57_1,
3450-4_2,3466-8_2,3466-8_2,
3457-57_1,3469-74_1,3469-74_1,
3466-8_2,3471-49_1,3471-49_1,
3469-74_1,3472-40_2,3472-40_2,
3471-49_1,3473-78_2,3473-78_2,
3472-40_2,3477-63_2,3477-63_2,
3473-78_2,3479-71_2,3479-71_2,
3477-63_2,3480-7_1,3480-7_1,
3479-71_2,3481-87_1,3481-87_1,
3480-7_1,3484-60_2,3484-60_2,
3481-87_1,3487-32_2,3487-32_2,
3484-60_2,3492-58_1,3492-58_1,
3487-32_2,3494-71_3,3494-71_3,
3492-58_1,3497-13_2,3497-13_2,
3494-71_3,3498-53_2,3498-53_2,
3497-13_2,3499-77_2,3499-77_2,
3498-53_2,3505-6_2,3505-6_2,
3499-77_2,3509-1_1,3509-1_1,
3505-6_2,3514-49_2,3514-49_2,
3509-1_1,3516-60_2,3516-60_2,
3514-49_2,3519-3_2,3519-3_2,
3516-60_2,3520-58_1,3520-58_1,
3519-3_2,3521-16_2,3521-16_2,
3520-58_1,3522-57_1,3522-57_1,
3521-16_2,3534-14_2,3534-14_2,
3522-57_1,3538-26_1,3538-26_1,
3534-14_2,3583-54_1,3583-54_1,
3538-26_1,3585-54_4,3585-54_4,
3583-54_1,3587-53_1,3587-53_1,
3585-54_4,3591-51_3,3591-51_3,
3587-53_1,3592-4_3,3592-4_3,
3591-51_3,3593-72_3,3593-72_3,
3592-4_3,3594-6_1,3594-6_1,
3593-72_3,3603-60_4,3603-60_4,
3594-6_1,3605-77_4,3605-77_4,
3603-60_4,3606-2_1,3606-2_1,
3605-77_4,3608-12_1,3608-12_1,
3606-2_1,3612-6_4,3612-6_4,
3608-12_1,3613-62_1,3613-62_1,
3612-6_4,3620-67_1,3620-67_1,
3613-62_1,3623-84_4,3623-84_4,
3620-67_1,3624-3_4,3624-3_4,
3623-84_4,3627-71_4,3627-71_4,
3624-3_4,3628-3_4,3628-3_4,
3627-71_4,3629-60_4,3629-60_4,
3628-3_4,3630-27_4,3630-27_4,
3629-60_4,3633-70_1,3633-70_1,
3630-27_4,3634-5_4,3634-5_4,
3633-70_1,3635-76_4,3635-76_4,
3634-5_4,3636-37_4,3636-37_4,
3635-76_4,3640-14_3,3640-14_3,
3636-37_4,3641-49_4,3641-49_4,
3640-14_3,3642-4_1,3642-4_1,
3641-49_4,3644-5_4,3644-5_4,
3642-4_1,3646-7_4,3646-7_4,
3644-5_4,3654-27_1,3654-27_1,
3646-7_4,3656-9_1,3656-9_1,
3654-27_1,3657-74_3,3657-74_3,
3656-9_1,3665-64_3,3665-64_3,
3657-74_3,3681-87_3,3681-87_3,
3665-64_3,3684-78_3,3684-78_3,
3681-87_3,3707-12_2,3707-12_2,
3684-78_3,3716-63_2,3716-63_2,
3707-12_2,3719-2_2,3719-2_2,
3716-63_2,3722-49_2,3722-49_2,
3719-2_2,3723-1_2,3723-1_2,
3722-49_2,3726-62_4,3726-62_4,
3723-1_2,3729-16_2,3729-16_2,
3726-62_4,3730-81_2,3730-81_2,
3729-16_2,3736-60_3,3736-60_3,
3730-81_2,3737-6_3,3737-6_3,
3736-60_3,3738-54_1,3738-54_1,
3737-6_3,3739-72_1,3739-72_1,
3738-54_1,3741-4_3,3741-4_3,
3739-72_1,3766-51_4,3766-51_4,
3741-4_3,3796-79_2,3796-79_2,
3766-51_4,3798-71_1,3798-71_1,
3796-79_2,3800-71_2,3800-71_2,
3798-71_1,3802-50_1,3802-50_1,
3800-71_2,3804-66_2,3804-66_2,
3802-50_1,3806-55_1,3806-55_1,
3804-66_2,3807-1_2,3807-1_2,
3806-55_1,3808-76_2,3808-76_2,
3807-1_2,3809-1_2,3809-1_2,
3808-76_2,3810-50_2,3810-50_2,
3809-1_2,3813-3_2,3813-3_2,
3810-50_2,3815-14_1,3815-14_1,
3813-3_2,3817-18_1,3817-18_1,
3815-14_1,3820-68_2,3820-68_2,
3817-18_1,3821-28_1,3821-28_1,
3820-68_2,3823-9_1,3823-9_1,
3821-28_1,3825-18_2,3825-18_2,
3823-9_1,3827-22_1,3827-22_1,
3825-18_2,3828-54_2,3828-54_2,
3827-22_1,3831-21_1,3831-21_1,
3828-54_2,3832-51_1,3832-51_1,
3831-21_1,3833-10_2,3833-10_2,
3832-51_1,3835-11_2,3835-11_2,
3833-10_2,3836-51_2,3836-51_2,
3835-11_2,3839-60_2,3839-60_2,
3836-51_2,3845-51_2,3845-51_2,
3839-60_2,3852-19_2,3852-19_2,
3845-51_2,3854-24_1,3854-24_1,
3852-19_2,3858-5_1,3858-5_1,
3854-24_1,3859-50_2,3859-50_2,
3858-5_1,3860-7_2,3860-7_2,
3859-50_2,3864-5_2,3864-5_2,
3860-7_2,3865-53_1,3865-53_1,
3864-5_2,3866-7_2,3866-7_2,
3865-53_1,3868-8_1,3868-8_1,
3866-7_2,3873-51_2,3873-51_2,
3868-8_1,3874-8_1,3874-8_1,
3873-51_2,3875-62_1,3875-62_1,
3874-8_1,3876-15_2,3876-15_2,
3875-62_1,3877-67_2,3877-67_2,
3876-15_2,3879-50_1,3879-50_1,
3877-67_2,3882-10_1,3882-10_1,
3879-50_1,3884-5_1,3884-5_1,
3882-10_1,3886-72_1,3886-72_1,
3884-5_1,3887-90_2,3887-90_2,
3886-72_1,3891-56_1,3891-56_1,
3887-90_2,3892-21_2,3892-21_2,
3891-56_1,3896-5_2,3896-5_2,
3892-21_2,3898-5_2,3898-5_2,
3896-5_2,4122-12_2,4122-12_2,
3898-5_2,4123-60_2,4123-60_2,
4122-12_2,4124-24_2,4124-24_2,
4123-60_2,4127-75_1,4127-75_1,
4124-24_2,4128-27_2,4128-27_2,
4127-75_1,4130-71_1,4130-71_1,
4128-27_2,4131-72_2,4131-72_2,
4130-71_1,4132-27_2,4132-27_2,
4131-72_2,4133-54_2,4133-54_2,
4132-27_2,4134-4_2,4134-4_2,
4133-54_2,4135-84_2,4135-84_2,
4134-4_2,4136-40_2,4136-40_2,
4135-84_2,4137-57_2,4137-57_2,
4136-40_2,4138-25_2,4138-25_2,
4137-57_2,4140-3_2,4140-3_2,
4138-25_2,4141-79_1,4141-79_1,
4140-3_2,4143-74_2,4143-74_2,
4141-79_1,4144-13_1,4144-13_1,
4143-74_2,4146-58_2,4146-58_2,
4144-13_1,4148-49_2,4148-49_2,
4146-58_2,4150-75_2,4150-75_2,
4148-49_2,4151-6_2,4151-6_2,
4150-75_2,4156-74_1,4156-74_1,
4151-6_2,4157-2_1,4157-2_1,
4156-74_1,4158-54_2,4158-54_2,
4157-2_1,4160-49_1,4160-49_1,
4158-54_2,4162-54_2,4162-54_2,
4160-49_1,4163-5_2,4163-5_2,
4162-54_2,4165-2_1,4165-2_1,
4163-5_2,4179-57_3,4179-57_3,
4165-2_1,4184-43_3,4184-43_3,
4179-57_3,4194-26_3,4194-26_3,
4184-43_3,4203-50_2,4203-50_2,
4194-26_3,4209-60_2,4209-60_2,
4203-50_2,4210-19_2,4210-19_2,
4209-60_2,4212-5_3,4212-5_3,
4210-19_2,4217-49_3,4217-49_3,
4212-5_3,4224-7_2,4224-7_2,
4217-49_3,4228-37_2,4228-37_2,
4224-7_2,4230-1_2,4230-1_2,
4228-37_2,4232-19_2,4232-19_2,
4230-1_2,4234-8_2,4234-8_2,
4232-19_2,4237-70_3,4237-70_3,
4234-8_2,4238-4_2,4238-4_2,
4237-70_3,4245-80_2,4245-80_2,
4238-4_2,4250-23_3,4250-23_3,
4245-80_2,4252-33_4,4252-33_4,
4250-23_3,4254-6_2,4254-6_2,
4252-33_4,4261-55_2,4261-55_2,
4254-6_2,4267-81_3,4267-81_3,
4261-55_2,4271-75_2,4271-75_2,
4267-81_3,4280-47_2,4280-47_2,
4271-75_2,4284-18_3,4284-18_3,
4280-47_2,4294-16_2,4294-16_2,
4284-18_3,4301-58_2,4301-58_2,
4294-16_2,4304-18_2,4304-18_2,
4301-58_2,4314-12_2,4314-12_2,
4304-18_2,4322-28_3,4322-28_3,
4314-12_2,4328-2_2,4328-2_2,
4322-28_3,4330-4_2,4330-4_2,
4328-2_2,4336-2_1,4336-2_1,
4330-4_2,4355-13_1,4355-13_1,
4336-2_1,4359-87_1,4359-87_1,
4355-13_1,4368-8_2,4368-8_2,
4359-87_1,4383-97_1,4383-97_1,
4368-8_2,4389-2_1,4389-2_1,
4383-97_1,4392-54_2,4392-54_2,
4389-2_1,4393-3_1,4393-3_1,
4392-54_2,4394-71_2,4394-71_2,
4393-3_1,4396-54_1,4396-54_1,
4394-71_2,4397-26_2,4397-26_2,
4396-54_1,4420-7_2,4420-7_2,
4397-26_2,4423-77_2,4423-77_2,
4420-7_2,4428-1_2,4428-1_2,
4423-77_2,4429-51_2,4429-51_2,
4428-1_2,4436-1_2,4436-1_2,
4429-51_2,4437-56_3,4437-56_3,
4436-1_2,4440-15_2,4440-15_2,
4437-56_3,4449-67_3,4449-67_3,
4440-15_2,4452-9_2,4452-9_2,
4449-67_3,4453-83_3,4453-83_3,
4452-9_2,4455-89_2,4455-89_2,
4453-83_3,4459-68_2,4459-68_2,
4455-89_2,4460-8_2,4460-8_2,
4459-68_2,4462-8_2,4462-8_2,
4460-8_2,4464-10_2,4464-10_2,
4462-8_2,4467-49_2,4467-49_2,
4464-10_2,4468-21_2,4468-21_2,
4467-49_2,4469-78_2,4469-78_2,
4468-21_2,4471-50_2,4471-50_2,
4469-78_2,4472-5_2,4472-5_2,
4471-50_2,4474-19_2,4474-19_2,
4472-5_2,4476-22_2,4476-22_2,
4474-19_2,4481-34_2,4481-34_2,
4476-22_2,4482-66_2,4482-66_2,
4481-34_2,4487-1_1,4487-1_1,
4482-66_2,4490-65_2,4490-65_2,
4487-1_1,4491-4_2,4491-4_2,
4490-65_2,4494-63_2,4494-63_2,
4491-4_2,4495-33_2,4495-33_2,
4494-63_2,4496-60_2,4496-60_2,
4495-33_2,4499-21_1,4499-21_1,
4496-60_2,4533-76_2,4533-76_2,
4499-21_1,4534-10_2,4534-10_2,
4533-76_2,4535-50_2,4535-50_2,
4534-10_2,4540-11_2,4540-11_2,
4535-50_2,4542-24_2,4542-24_2,
4540-11_2,4544-4_3,4544-4_3,
4542-24_2,4545-53_3,4545-53_3,
4544-4_3,4546-27_3,4546-27_3,
4545-53_3,4547-59_2,4547-59_2,
4546-27_3,4551-72_3,4551-72_3,
4547-59_2,4552-13_2,4552-13_2,
4551-72_3,4553-65_3,4553-65_3,
4552-13_2,4556-10_2,4556-10_2,
4553-65_3,4557-61_2,4557-61_2,
4556-10_2,4559-64_2,4559-64_2,
4557-61_2,4561-65_2,4561-65_2,
4559-64_2,4566-24_3,4566-24_3,
4561-65_2,4567-82_2,4567-82_2,
4566-24_3,4568-17_2,4568-17_2,
4567-82_2,4569-52_2,4569-52_2,
4568-17_2,4588-1_2,4588-1_2,
4569-52_2,4593-11_1,4593-11_1,
4588-1_2,4594-22_2,4594-22_2,
4593-11_1,4693-72_2,4693-72_2,
4594-22_2,4696-2_2,4696-2_2,
4693-72_2,4697-59_2,4697-59_2,
4695-49_2,4708-3_2,4708-3_2,
4696-2_2,4712-28_3,4712-28_3,
4697-59_2,4718-5_2,4718-5_2,
4708-3_2,4769-10_3,4769-10_3,
4712-28_3,4774-62_3,4774-62_3,
4718-5_2,4775-34_3,4775-34_3,
4769-10_3,4786-58_3,4786-58_3,
4774-62_3,4792-51_2,4792-51_2,
4775-34_3,4807-13_3,4807-13_3,
4786-58_3,4815-25_3,4815-25_3,
4792-51_2,4840-73_1,4840-73_1,
4807-13_3,4851-25_1,4851-25_1,
4815-25_3,4862-63_1,4862-63_1,
4840-73_1,4875-73_1,4875-73_1,
4851-25_1,4876-32_1,4876-32_1,
4862-63_1,4878-3_1,4878-3_1,
4875-73_1,4880-21_1,4880-21_1,
4876-32_1,4883-56_2,4883-56_2,
4878-3_1,4886-3_1,4886-3_1,
4880-21_1,4889-82_1,4889-82_1,
4883-56_2,4890-10_1,4890-10_1,
4886-3_1,4891-50_1,4891-50_1,
4889-82_1,4900-8_1,4900-8_1,
4890-10_1,4904-7_1,4904-7_1,
4891-50_1,4905-63_1,4905-63_1,
4900-8_1,4906-35_1,4906-35_1,
4904-7_1,4907-56_1,4907-56_1,
4905-63_1,4909-68_1,4909-68_1,
4906-35_1,4910-21_1,4910-21_1,
4907-56_1,4911-49_2,4911-49_2,
4909-68_1,4912-17_1,4912-17_1,
4910-21_1,4914-10_1,4914-10_1,
4911-49_2,4915-64_2,4915-64_2,
4912-17_1,4919-56_2,4919-56_2,
4914-10_1,4922-13_1,4922-13_1,
4915-64_2,4931-59_1,4931-59_1,
4919-56_2,4956-2_1,4956-2_1,
4922-13_1,4957-1_2,4957-1_2,
4931-59_1,4959-2_1,4959-2_1,
4956-2_1,4960-72_1,4960-72_1,
4957-1_2,4961-17_1,4961-17_1,
4959-2_1,4962-52_1,4962-52_1,
4960-72_1,4963-19_1,4963-19_1,
4961-17_1,4965-27_1,4965-27_1,
4962-52_1,4967-1_1,4967-1_1,
4963-19_1,4968-50_1,4968-50_1,
4965-27_1,4970-55_1,4970-55_1,
4967-1_1,4973-18_1,4973-18_1,
4968-50_1,4976-57_1,4976-57_1,
4970-55_1,4978-54_2,4978-54_2,
4973-18_1,4981-6_1,4981-6_1,
4976-57_1,4984-83_1,4984-83_1,
4978-54_2,4985-11_1,4985-11_1,
4981-6_1,4987-17_1,4987-17_1,
4984-83_1,4988-49_2,4988-49_2,
4985-11_1,4991-12_1,4991-12_1,
4987-17_1,4993-16_1,4993-16_1,
4988-49_2,4994-178_1,4994-178_1,
4991-12_1,4995-16_1,4995-16_1,
4993-16_1,4997-19_1,4997-19_1,
4994-178_1,5000-52_1,5000-52_1,
4995-16_1,5001-6_2,5001-6_2,
4997-19_1,5002-76_1,5002-76_1,
5000-52_1,5004-69_1,5004-69_1,
5001-6_2,5005-4_1,5005-4_1,
5002-76_1,5006-71_1,5006-71_1,
5004-69_1,5009-11_1,5009-11_1,
5005-4_1,5011-11_1,5011-11_1,
5006-71_1,5014-49_1,5014-49_1,
5009-11_1,5016-61_2,5016-61_2,
5011-11_1,5017-19_1,5017-19_1,
5014-49_1,5018-68_1,5018-68_1,
5016-61_2,5019-16_2,5019-16_2,
5017-19_1,5020-50_1,5020-50_1,
5018-68_1,5022-61_1,5022-61_1,
5019-16_2,5023-23_1,5023-23_1,
5020-50_1,5024-67_1,5024-67_1,
5022-61_1,5026-66_1,5026-66_1,
5023-23_1,5030-52_1,5030-52_1,
5024-67_1,5031-10_1,5031-10_1,
5026-66_1,5032-64_1,5032-64_1,
5030-52_1,5033-27_1,5033-27_1,
5031-10_1,5036-50_1,5036-50_1,
5032-64_1,5060-62_3,5060-62_3,
5033-27_1,5062-60_3,5062-60_3,
5036-50_1,5068-54_3,5068-54_3,
5060-62_3,5079-11_3,5079-11_3,
5062-60_3,5080-131_3,5080-131_3,
5068-54_3,5082-51_3,5082-51_3,
5079-11_3,5084-154_3,5084-154_3,
5080-131_3,5085-18_3,5085-18_3,
5082-51_3,5087-5_3,5087-5_3,
5084-154_3,5088-175_3,5088-175_3,
5085-18_3,5089-11_3,5089-11_3,
5087-5_3,5093-47_3,5093-47_3,
5088-175_3,5094-62_3,5094-62_3,
5089-11_3,5095-21_3,5095-21_3,
5093-47_3,5096-51_3,5096-51_3,
5094-62_3,5097-14_3,5097-14_3,
5095-21_3,5098-79_3,5098-79_3,
5096-51_3,5099-14_3,5099-14_3,
5097-14_3,5100-53_3,5100-53_3,
5098-79_3,5102-55_3,5102-55_3,
5099-14_3,5103-30_3,5103-30_3,
5100-53_3,5104-57_3,5104-57_3,
5102-55_3,5106-52_3,5106-52_3,
5103-30_3,5107-7_2,5107-7_2,
5104-57_3,5108-72_3,5108-72_3,
5106-52_3,5112-73_3,5112-73_3,
5107-7_2,5114-65_3,5114-65_3,
5108-72_3,5115-31_3,5115-31_3,
5112-73_3,5117-14_3,5117-14_3,
5114-65_3,5128-53_3,5128-53_3,
5115-31_3,5130-67_3,5130-67_3,
5117-14_3,5133-17_3,5133-17_3,
5128-53_3,5138-50_3,5138-50_3,
5130-67_3,5139-32_3,5139-32_3,
5133-17_3,5178-5_3,5178-5_3,
5138-50_3,5183-53_3,5183-53_3,
5139-32_3,5193-51_3,5193-51_3,
5178-5_3,5196-7_3,5196-7_3,
5183-53_3,5201-50_4,5201-50_4,
5193-51_3,5204-13_3,5204-13_3,
5196-7_3,5223-59_3,5223-59_3,
5201-50_4,5225-50_3,5225-50_3,
5204-13_3,5226-36_3,5226-36_3,
5223-59_3,5227-60_3,5227-60_3,
5225-50_3,5230-99_3,5230-99_3,
5226-36_3,5236-2_3,5236-2_3,
5227-60_3,5238-26_3,5238-26_3,
5230-99_3,5244-12_3,5244-12_3,
5236-2_3,5245-40_5,5245-40_5,
5238-26_3,5246-64_3,5246-64_3,
5244-12_3,5248-68_2,5248-68_2,
5245-40_5,5249-31_3,5249-31_3,
5246-64_3,5252-33_3,5252-33_3,
5248-68_2,5254-69_3,5254-69_3,
5249-31_3,5256-86_3,5256-86_3,
5252-33_3,5259-2_3,5259-2_3,
5254-69_3,5260-80_3,5260-80_3,
5256-86_3,5261-13_3,5261-13_3,
5259-2_3,5264-65_3,5264-65_3,
5260-80_3,5265-12_3,5265-12_3,
5261-13_3,5268-49_3,5268-49_3,
5264-65_3,5280-68_5,5280-68_5,
5265-12_3,5308-89_2,5308-89_2,
5268-49_3,5312-49_3,5312-49_3,
5280-68_5,5317-3_3,5317-3_3,
5308-89_2,5337-64_3,5337-64_3,
5312-49_3,5339-49_3,5339-49_3,
5317-3_3,5340-24_3,5340-24_3,
5337-64_3,5345-51_3,5345-51_3,
5339-49_3,5347-59_3,5347-59_3,
5340-24_3,5354-11_3,5354-11_3,
5345-51_3,5355-69_3,5355-69_3,
5347-59_3,5356-2_3,5356-2_3,
5354-11_3,5359-65_3,5359-65_3,
5355-69_3,5364-7_3,5364-7_3,
5356-2_3,5383-14_3,5383-14_3,
5359-65_3,5384-67_3,5384-67_3,
5364-7_3,5410-53_3,5410-53_3,
5383-14_3,5412-53_3,5412-53_3,
5384-67_3,5424-55_3,5424-55_3,
5410-53_3,5468-67_3,5468-67_3,
5412-53_3,5488-74_3,5488-74_3,
5424-55_3,5490-53_3,5490-53_3,
5468-67_3,5494-52_3,5494-52_3,
5488-74_3,5443-62_2,5443-62_2,
5490-53_3,5441-67_3,5441-67_3,
5494-52_3,5440-26_3,5440-26_3,
